,07102005-3,07103001-6,07104002-K,07112001-5,07115001-1,07116001-7,07123001-5,07121006-5
1979-04-01,11.480548060961445,7.171333333333333,18.136666666666667,23.91333333333333,18.846666666666668,0.7857999999999999,39.63834362910082,27.811992893459752
1979-05-01,13.386567801349386,20.110322580645164,26.435483870967747,28.28064516129032,20.85806451612904,3.689032258064516,81.055259592502,74.32723419276175
1979-06-01,8.755295003623576,16.45,17.909999999999993,21.969999999999995,15.883333333333333,1.6056666666666668,156.67399772451398,63.93527246286341
1979-07-01,39.96887784644308,59.809677419354834,61.08387096774193,48.49354838709677,43.96451612903226,17.726774193548387,262.66451822923,328.35445019765666
1979-08-01,37.30449819497231,118.26129032258063,119.6,72.70645161290322,55.693548387096776,38.09354838709677,414.79779061034753,414.8411277367664
1979-09-01,26.414810025224483,33.30362749390727,91.09,54.86333333333332,39.16666666666667,23.696666666666676,318.7233459313098,97.03333333333332
1979-10-01,30.70835756714036,66.09677419354838,67.76129032258066,48.5290322580645,31.958064516129035,9.085333333333333,110.62402120361483,224.75223360673942
1979-11-01,49.92196409255602,76.07000000000001,89.32413793103447,71.57999999999998,38.32666666666667,7.595666666666667,117.42595270506433,185.04020047024102
1979-12-01,73.34133142511266,72.50322580645161,128.59677419354838,114.03225806451611,57.88,3.072294581089788,177.71063774073627,241.56230764299275
1980-01-01,59.52144967710525,35.358064516129026,91.28064516129034,94.09677419354838,41.53548387096775,2.476451612903225,58.255381163267245,23.620577659402766
1980-02-01,25.65281170670386,32.46551724137932,52.5,49.45172413793103,29.417241379310347,2.193571428571429,41.75863176954772,64.50172613136887
1980-03-01,19.775146774907892,30.929032258064517,29.84193548387096,29.883870967741927,23.08709677419355,0.7446239951503119,48.72033601543914,7.9645075713316125
1980-04-01,11.480548060961445,87.2,80.96,51.61333333333334,27.754166666666663,14.013448275862064,40.91686784862347,37.59735175405142
1980-05-01,13.386567801349386,123.37419354838708,127.3608695652174,72.90645161290325,46.35806451612903,3.1541612903225804,76.72440398979938,74.32723419276175
1980-06-01,32.37724005180554,42.88666666666667,115.30333333333334,61.99333333333333,52.96666666666668,28.97813776862882,152.3998028825366,176.41934065498992
1980-07-01,24.00791060133935,32.23548387096775,99.70645161290322,50.00645161290323,38.78709677419355,22.7058064516129,322.0211524776519,328.35445019765666
1980-08-01,22.05570061012358,19.429032258064517,58.26774193548387,31.874193548387098,27.441935483870967,14.186917880811972,133.08147942157953,262.38612162130806
1980-09-01,10.792780694733928,12.508333333333333,42.97666666666666,28.12,23.08,9.00310025421623,117.76666666666668,97.03333333333332
1980-10-01,19.981000985140664,16.019354838709674,55.53548387096774,39.78064516129032,26.12258064516129,5.863870967741934,77.1745130767856,286.218173004203
1980-11-01,25.691842063527037,19.0,75.61,65.49999999999999,32.65333333333333,3.611000000000001,121.87660756520292,170.57831772431757
1980-12-01,79.14598747719955,22.72258064516129,106.258064516129,100.31290322580644,42.56774193548387,2.835483870967741,175.29322323363564,236.4062128240684
1981-01-01,36.284729315103505,13.616129032258067,65.53225806451613,54.13870967741936,32.748387096774195,1.5145235410468476,57.71353036203354,23.620577659402766
1981-02-01,20.653273840364495,9.059285714285714,39.892857142857146,33.74642857142856,25.717857142857152,0.5492857142857143,45.879911759907465,34.50860464854423
1981-03-01,12.114970764798082,6.128709677419355,20.858064516129044,22.40967741935484,20.35161290322581,0.3345483870967741,40.62158162019999,24.628382550859065
1981-04-01,11.480548060961445,5.466,17.346666666666668,18.78666666666667,17.526666666666667,0.9213666666666668,40.983735697246935,32.769473646030654
1981-05-01,13.386567801349386,37.36935483870969,97.86416737506596,70.06896551724138,49.32580645161288,24.51548387096774,267.2947247917045,74.32723419276175
1981-06-01,25.346946393270933,25.56,69.11333333333336,42.97333333333333,30.883333333333333,18.70809523809524,203.32165166988335,128.11449686539183
1981-07-01,9.053970907941823,14.88064516129032,39.88064516129033,27.503225806451614,22.306451612903224,10.109655172413794,116.50029917044732,195.0086801299173
1981-08-01,16.08232347696635,17.16774193548386,43.03870967741935,30.69677419354839,23.29354838709677,12.61,165.52346252653115,367.0471398742209
1981-09-01,3.759300202301816,11.289666666666664,33.92666666666666,25.056666666666665,19.64,5.5793333333333335,80.67019927118865,97.03333333333332
1981-10-01,18.565695341732763,14.218387096774192,47.49354838709677,38.75806451612903,22.95806451612903,3.687419354838709,35.63652487001284,45.024670811377334
1981-11-01,38.47343784962356,18.98333333333333,68.50999999999999,67.78666666666666,32.02666666666667,2.370333333333334,100.61106639809792,144.37014346692393
1981-12-01,40.67997161338379,13.596774193548388,51.44516129032258,56.02580645161291,28.367741935483878,0.9610645161290322,90.59910466236643,148.62452157498782
1982-01-01,25.137238588607744,9.185483870967742,38.73225806451613,32.39032258064517,21.73870967741935,0.8299032258064515,57.18086971780154,23.620577659402766
1982-02-01,25.980891029172525,6.428214285714286,34.57857142857143,21.20714285714286,17.610714285714277,0.577642857142857,14.646788495055857,6.363854442018031
1982-03-01,18.528830413126666,5.95451612903226,25.156290322580645,16.732258064516135,15.622580645161293,0.7723225806451615,18.975159653422615,27.829567172229005
1982-04-01,7.200120868230372,4.189,11.960869565217392,13.320000000000002,13.36,1.0788000000000002,28.296230599633365,37.07057888823583
1982-05-01,16.84890704978185,9.992580645161294,23.325806451612905,20.974193548387092,15.816129032258065,7.318741935483872,117.78490869889734,74.32723419276175
1982-06-01,29.406991224491584,41.548333333333325,85.71538461538464,58.24999999999999,38.71666666666668,52.349,637.7882328572726,176.41934065498992
1982-07-01,32.1846651634404,50.61612903225805,44.55483870967742,69.06774193548387,49.95806451612903,47.71935483870966,593.0450143588331,328.35445019765666
1982-08-01,16.98483870967742,26.167741935483868,44.166351501668515,40.09032258064517,29.03870967741936,18.14903225806452,274.626233007685,367.8626505094196
1982-09-01,45.26801928681718,36.60333333333333,106.52666666666669,62.03999999999999,41.76,29.7,335.29520909861526,97.03333333333332
1982-10-01,59.02379310657894,27.122580645161293,98.68064516129031,59.98709677419356,38.42258064516129,21.73870967741935,128.07707122957805,231.8923471621885
1982-11-01,49.97980095960206,30.606666666666666,119.04666666666664,74.69565217391303,44.68999999999999,9.935333333333334,128.22417046358603,252.34231822201906
1982-12-01,46.08286985539489,37.803225806451614,181.40645161290325,144.1469228693333,63.46451612903226,6.789032258064515,185.73383224372583,241.56230764299275
1983-01-01,91.78579946096802,31.39354838709678,143.16129032258064,143.103810275467,66.3741935483871,3.811290322580645,57.948865579201666,23.620577659402766
1983-02-01,51.62517012647993,17.29642857142857,86.53571428571429,74.9632789502295,54.278571428571446,2.0725,117.6097540452114,64.50172613136887
1983-03-01,28.885528049776553,8.790967741935484,52.49032258064517,40.49969361399215,36.59677419354839,1.1483870967741934,86.25779277667692,36.2846202931331
1983-04-01,15.549496552395512,4.591666666666668,30.756666666666675,28.709999999999997,25.929629629629627,1.0205333333333333,66.73125333609168,32.24074493304258
1983-05-01,13.756263275950296,5.429032258064519,20.8,22.34516129032258,19.65,2.0183870967741933,47.07379407711728,74.32723419276175
1983-06-01,6.446828110184672,11.053666666666665,23.68,23.11666666666667,19.783333333333328,6.354333333333333,84.44876339871217,131.19253063150433
1983-07-01,14.182245752250632,16.525161290322583,35.56451612903225,27.490322580645163,20.758064516129032,13.455161290322575,284.77671896067136,251.56245269761237
1983-08-01,16.865167897932714,15.513870967741934,38.29354838709677,29.700000000000003,18.004347826086956,10.249354838709678,128.02348199999093,414.8411277367664
1983-09-01,20.726755638435822,15.056666666666665,39.58666666666667,28.133333333333333,20.7875,8.357666666666667,171.8837303439705,97.03333333333332
1983-10-01,42.33086459427597,20.95161290322581,64.76129032258066,51.2967741935484,29.0,6.814193548387097,95.6794936123974,31.538863382236883
1983-11-01,62.08009115382577,26.86666666666667,93.18,92.18333333333334,45.27,4.422333333333333,137.55644947196785,277.79536127834905
1983-12-01,37.780076060977805,19.2483870967742,73.68709677419355,78.81612903225808,41.90645161290324,2.1803225806451603,177.94458531599255,238.68781681016964
1984-01-01,31.094463549776687,10.923870967741935,46.54838709677419,39.76129032258064,28.4741935483871,1.2636774193548397,57.395594714961334,23.620577659402766
1984-02-01,26.843001195778303,6.977931034482759,38.60689655172413,24.68275862068966,20.796551724137927,0.5452413793103448,20.397522760330517,36.16010519970543
1984-03-01,20.01436518441011,4.81,25.190000000000005,17.80645161290322,15.570967741935483,0.5166451612903226,24.529848251501736,7.571936105424303
1984-04-01,14.58166650366385,3.777,14.670000000000003,13.346666666666664,13.033333333333337,0.7595666666666666,33.3924856603079,26.02252045055589
1984-05-01,8.904445587487482,5.866774193548388,18.64516129032258,16.30967741935484,14.396774193548383,3.4293225806451613,102.63661968581144,74.32723419276175
1984-06-01,3.9172089864185544,10.122000000000002,26.17000000000001,19.74,15.419999999999998,6.727000000000002,154.21960576507317,162.58020008932348
1984-07-01,25.426945097106376,36.30645161290322,73.55483870967741,43.18709677419354,31.22258064516129,35.44516129032258,460.55908345682263,328.35445019765666
1984-08-01,12.661537684101816,17.538709677419355,39.5258064516129,26.58387096774193,18.10967741935484,11.057419354838707,139.35485119536807,299.78253906968564
1984-09-01,28.991610401690355,24.816666666666663,60.37666666666668,40.066666666666656,25.993333333333336,14.68,186.48783525362194,97.03333333333332
1984-10-01,47.874192696840105,38.5,112.86774193548386,73.59032258064516,44.44193548387096,16.848387096774193,172.32796412118205,235.0611896700358
1984-11-01,60.05923468535725,35.20333333333333,118.1,86.37333333333332,48.53333333333334,5.024228893731869,124.8585654204888,333.1717727185308
1984-12-01,82.93860185521405,39.81290322580645,154.03225806451613,135.51612903225808,65.64193548387095,2.9312197003621554,188.28766817435766,241.56230764299275
1985-01-01,65.99556171273883,26.619354838709683,107.85483870967742,113.17096774193548,51.11290322580645,3.156451612903226,57.97476977606692,23.620577659402766
1985-02-01,36.13333333333333,15.296428571428573,57.85357142857144,58.79642857142856,38.70357142857144,1.5261071428571429,78.82326059769434,64.50172613136887
1985-03-01,32.79677419354839,10.105483870967744,48.16129032258065,35.2483870967742,27.958064516129028,1.146032258064516,70.4918807792923,15.20309826369246
1985-04-01,19.10666666666667,6.841333333333332,28.709999999999997,25.77,22.25333333333333,1.709666666666667,67.76833459161875,63.98302259806583
1985-05-01,16.477419354838712,10.038387096774194,33.167741935483875,34.42903225806452,26.348387096774196,7.361612903225805,112.79372201888438,74.32723419276175
1985-06-01,14.496666666666666,10.038000000000002,28.563333333333333,29.363333333333323,20.74,5.733333333333333,206.82636731548575,168.91598231391427
1985-07-01,18.36129032258064,19.674838709677424,46.45161290322582,41.13870967741935,28.035483870967745,12.020645161290329,232.59533292549654,300.3523129926765
1985-08-01,12.388888888888893,8.897096774193553,24.119354838709675,22.496774193548383,17.835483870967746,4.03258064516129,67.08404862500947,414.8411277367664
1985-09-01,13.323333333333332,8.290666666666668,23.02666666666666,24.673333333333336,17.759999999999998,3.038666666666667,80.44766230469821,97.03333333333332
1985-10-01,26.058064516129036,15.946774193548386,49.622580645161285,48.44516129032258,28.60645161290323,6.65,80.32023051989884,217.97225839891323
1985-11-01,42.28333333333334,17.366666666666664,66.1,78.70000000000002,37.81,3.603333333333333,136.7267628108139,192.89449259463436
1985-12-01,34.626086956521746,12.451612903225806,46.20967741935485,57.13870967741935,31.329032258064515,1.684193548387097,122.82571944484263,148.35355840771223
1986-01-01,17.673117922601662,8.554516129032258,34.254838709677415,29.641935483870967,20.96451612903226,1.1261935483870966,57.478251136291874,23.620577659402766
1986-02-01,21.903571428571432,6.747857142857143,28.91785714285715,23.910714285714285,16.785714285714285,0.2735714285714285,2.602357113377023,29.091551068377925
1986-03-01,19.5258064516129,5.257419354838708,25.10967741935484,18.05806451612903,13.438709677419352,0.3896129032258065,24.586855211608864,23.241957910010253
1986-04-01,18.444675634871473,13.248666666666669,27.63,25.08333333333333,18.19333333333333,3.2743666666666664,85.59390708460639,79.47011650876576
1986-05-01,27.5,24.140967741935487,56.86129032258064,21.087096774193547,33.36061166233239,11.452258064516128,175.68972450027434,74.32723419276175
1986-06-01,16.849999999999998,57.986666666666665,32.276666666666664,25.64666666666667,19.656666666666666,53.51,768.2344610346815,118.41
1986-07-01,16.429937562831118,19.948387096774194,61.96129032258064,40.627784868252,22.005011520737327,7.591935483870968,151.6633045371653,206.32989734339736
1986-08-01,28.890085617372957,26.3967741935484,83.47096774193548,44.563049849347664,22.622580645161293,19.908064516129038,241.32362560565826,262.38612162130806
1986-09-01,15.879137917605993,17.930000000000003,45.49999999999999,33.03705383722354,19.024088146771852,7.102333333333332,112.4957074244339,97.03333333333332
1986-10-01,31.605240678741755,24.42258064516129,83.77741935483871,81.57682926187732,44.969522519438165,6.159354838709677,147.25436022025627,202.00676701812765
1986-11-01,51.99,21.84,84.53333333333333,76.69782608695652,37.92142857142857,5.825333333333334,122.68163711593479,194.1635471124336
1986-12-01,46.08286985539489,28.993548387096777,111.7967741935484,99.36973000386128,47.37420552091438,4.236774193548388,111.52258064516128,148.62452157498782
1987-01-01,29.95225364507946,18.31935483870968,41.72419354838709,38.40483870967742,23.45806451612903,1.299451612903226,57.28823221638144,23.620577659402766
1987-02-01,40.625434061231246,10.022499999999996,52.13928571428571,35.226737024066885,28.742277110803343,0.6544642857142857,63.60357142857142,20.87099671789756
1987-03-01,18.778882264225878,7.364516129032259,44.12580645161291,25.016129032258064,22.42258064516129,0.651225806451613,53.63870967741936,32.43528853646574
1987-04-01,10.028275254554545,6.852333333333333,13.772,17.37333333333333,16.916666666666664,0.9131,57.22333333333333,38.51470876027602
1987-05-01,16.44300463710167,8.247741935483871,41.74761904761905,17.07096774193548,15.396774193548383,2.371161290322581,69.58709677419354,74.32723419276175
1987-06-01,16.849999999999998,15.667333333333335,32.276666666666664,24.87333333333333,18.76,4.688,94.15333333333336,94.90008773067166
1987-07-01,32.23672826232081,49.47806451612904,44.55483870967742,66.11290322580645,48.20322580645163,8.592887096774191,920.0677419354838,202.26857106869568
1987-08-01,26.05171797994641,37.13870967741936,91.12258064516128,47.24516129032257,36.92903225806452,21.92365826693585,517.7586206896551,414.8411277367664
1987-09-01,24.468407014928165,23.83333333333333,58.06333333333335,37.17,29.96666666666666,11.195333333333334,200.42857142857144,97.03333333333332
1987-10-01,37.880340037477836,34.91290322580645,98.46129032258064,72.11612903225807,47.94516129032258,15.380000000000004,134.50228848591246,223.06505171541212
1987-11-01,73.1004398106872,34.31666666666667,129.27666666666667,110.72666666666667,58.18999999999999,5.440666666666668,245.83333333333331,380.76911034927247
1987-12-01,75.72088321385748,26.729032258064517,109.1483870967742,108.91612903225808,55.580645161290334,2.4183870967741936,218.83870967741936,241.56230764299275
1988-01-01,48.063027286509765,17.851612903225806,69.10967741935484,69.30645161290323,42.53548387096775,1.3799999999999997,119.25806451612908,23.826249190483175
1988-02-01,44.81752574594144,11.561034482758624,50.85172413793104,44.58513561048059,28.02413793103448,0.9247241379310344,62.83103448275862,32.23220310614324
1988-03-01,26.891095442378795,5.955333333333334,34.4,23.51290322580645,19.45806451612903,0.6642580645161292,61.35483870967741,48.04484117569885
1988-04-01,12.809855497142056,6.267,23.820000000000004,17.59333333333333,15.753333333333334,0.4399999999999999,48.02000000000001,20.52758407776294
1988-05-01,3.7061105557523684,6.593870967741936,14.961290322580645,15.8741935483871,15.229032258064514,0.8470645161290323,47.58064516129031,74.32723419276175
1988-06-01,13.123306056633037,9.453333333333331,17.979666666666667,17.139999999999997,16.31,2.8625,68.83666666666667,90.50920554146806
1988-07-01,11.967305869636128,11.127096774193548,26.64516129032258,21.483870967741936,18.51935483870968,4.985806451612903,120.8516129032258,70.26441192956375
1988-08-01,20.89949394382935,19.3941935483871,47.53548387096775,30.8741935483871,24.09677419354839,12.42,200.74193548387095,412.555177716542
1988-09-01,7.667000190591358,12.843333333333332,36.053333333333335,25.17,20.13333333333333,5.949333333333333,98.01,97.03333333333332
1988-10-01,23.428735531465243,16.693548387096776,51.5516129032258,43.30967741935484,27.43870967741936,5.1245161290322585,75.99677419354839,110.10473951597358
1988-11-01,64.78571173304167,21.43666666666667,74.58666666666664,88.17666666666666,43.11,3.798000000000001,136.77,314.3576247588266
1988-12-01,41.06833211245754,14.822580645161288,50.81290322580645,60.33870967741935,38.67096774193547,1.804516129032258,135.51472185494052,162.23555271507556
1989-01-01,24.77919300666221,8.779677419354838,37.8,28.26129032258064,18.34698771373147,0.6841935483870968,19.697666666666677,22.63409993344976
1989-02-01,18.51308143451743,7.184642857142856,31.003571428571423,20.746428571428574,15.517857142857142,0.4120714285714286,9.68214285714286,17.26328633829834
1989-03-01,10.266720624087721,5.840967741935484,17.66774193548387,14.31113465767002,12.912903225806453,0.4843548387096775,14.861290322580649,32.05448286239479
1989-04-01,7.700949654787074,4.417000000000001,12.246666666666668,11.40333333333333,11.326666666666666,0.6506333333333335,20.086666666666662,24.098585733097824
1989-05-01,8.46979262846588,4.46741935483871,14.693548387096774,10.849032258064518,10.856451612903228,1.1833870967741933,37.964516129032255,52.46598992971212
1989-06-01,0.36790734661519053,4.777,14.686666666666666,11.172666666666666,11.139999999999995,1.4236000000000002,56.5,82.98026505926786
1989-07-01,10.964164073491421,5.99,16.651612903225804,13.051612903225807,11.945161290322584,3.664838709677418,60.254838709677415,27.543249196407764
1989-08-01,22.57938822214616,27.26967741935484,64.61612903225806,32.54193548387097,24.248387096774195,16.33645161290323,80.10096774193549,74.91137485935207
1989-09-01,19.057652910537552,19.51333333333333,44.44000000000001,29.909999999999997,22.320000000000007,8.393666666666666,23.518000000000004,97.03333333333332
1989-10-01,16.266408990927438,19.46451612903226,59.04838709677419,48.17096774193549,29.422580645161293,5.066451612903227,92.45483870967742,89.52953526919683
1989-11-01,69.77455334509182,22.116666666666664,81.63333333333334,82.86666666666666,43.66666666666667,2.778,142.0,172.9467235613049
1989-12-01,25.11405159905462,13.38387096774194,48.3258064516129,47.16129032258066,30.474193548387102,1.3950000000000002,72.50645161290323,101.18495840509551
1990-01-01,18.564558390247072,8.461290322580645,31.622580645161285,24.80322580645161,19.369649916596234,0.4147419354838711,12.597419354838708,21.926483922834468
1990-02-01,19.97536539457157,6.7678571428571415,25.157142857142865,19.65,14.867857142857144,0.3339642857142856,9.004285714285713,26.19092400491874
1990-03-01,7.243790029346195,5.766129032258066,15.803225806451614,11.253123011703643,12.77741935483871,0.5626774193548386,28.506451612903223,10.22681252696489
1990-04-01,8.60047441792208,7.76,19.363333333333337,21.87666666666667,17.439999999999998,1.3619310344827589,88.73666666666666,47.131920858330616
1990-05-01,8.828926510932543,8.273225806451613,20.70645161290323,21.200000000000003,16.029032258064515,2.5478928571428567,106.0967741935484,74.32723419276175
1990-06-01,13.09432500292901,6.799333333333333,16.826666666666664,15.026666666666666,13.62,1.7226666666666666,84.53,90.1365322036965
1990-07-01,7.12716729124572,8.457419354838708,21.348387096774196,15.738709677419354,14.206451612903226,2.5715161290322577,103.52258064516128,6.955014269543227
1990-08-01,9.179536150479041,11.619032258064513,28.7,21.05161290322581,16.53225806451613,4.025483870967742,106.5903225806452,140.88865606682972
1990-09-01,36.472142238287894,20.426666666666662,58.06666666666667,34.1,24.30666666666667,8.987333333333334,181.9333333333333,97.03333333333332
1990-10-01,26.68642607613441,15.93870967741936,58.3967741935484,40.0,24.319354838709675,3.966774193548387,121.55806451612904,165.61764130317368
1990-11-01,27.508615037147088,17.576666666666668,62.95,57.90999999999999,29.61,2.4490000000000003,115.57666666666668,118.86523664995195
1990-12-01,43.57767514373474,15.52258064516129,47.71290322580644,49.6741935483871,26.20000000000001,0.8608387096774193,59.05806451612904,88.24769444230571
1991-01-01,22.767741935483876,10.012903225806452,36.40645161290322,29.133333333333333,18.72692307692308,0.3636451612903226,17.217096774193553,22.388405235574155
1991-02-01,19.10357142857143,6.325357142857143,29.36785714285715,27.030064289280237,14.6,0.2603571428571428,9.314642857142855,8.436134200864538
1991-03-01,7.990415867815061,5.112903225806452,17.000000000000004,15.254838709677417,12.506451612903229,0.3651612903225806,15.763870967741932,62.90656482646196
1991-04-01,15.567407118822489,9.337000000000002,26.323333333333327,18.14,14.276666666666667,1.9891379310344828,50.83666666666666,73.97779456207451
1991-05-01,38.76990612107927,35.02322580645161,106.29032258064515,69.93548387096774,60.854838709677416,23.34367741935484,283.51290322580644,74.32723419276175
1991-06-01,28.086109176628018,31.960000000000004,93.18,53.45666666666666,36.47333333333333,25.40599388026896,395.03333333333336,176.41934065498992
1991-07-01,24.523891423623617,33.119354838709675,95.8483870967742,46.24666666666667,33.774193548387096,20.78548387096774,364.3103448275862,328.35445019765666
1991-08-01,20.37980179106828,16.338709677419356,46.20645161290323,27.032258064516128,19.85483870967742,7.032258064516129,132.27586206896552,330.21871447292216
1991-09-01,28.306666666666672,22.89999999999999,55.586666666666666,41.65666666666666,24.876666666666665,8.535333333333336,146.9,97.03333333333332
1991-10-01,30.96428571428572,25.01935483870968,57.39032258064516,49.96774193548387,26.83225806451613,8.396129032258065,119.30967741935486,217.83424983341092
1991-11-01,58.642843898807804,22.49333333333333,95.42333333333336,82.73666666666668,39.38999999999999,4.457000000000002,150.76666666666668,219.87301665753668
1991-12-01,53.873643545963304,21.48064516129032,74.12903225806453,77.73548387096773,41.51935483870967,3.040645161290323,158.1903225806452,214.1255144608872
1992-01-01,29.80438363751047,16.719354838709677,53.864516129032246,68.9760063557,34.98064516129032,1.3623199999999998,86.61612903225806,23.826249190483175
1992-02-01,32.024137931034474,8.62586206896552,43.56896551724138,29.019230769230766,24.651724137931037,0.661,45.59655172413791,15.680322335553445
1992-03-01,20.312,6.000322580645159,29.59354838709678,19.87741935483871,19.65806451612903,0.622032258064516,43.79032258064516,46.713746596094964
1992-04-01,11.754583333333333,7.104666666666666,20.566666666666663,19.555172413793105,18.096666666666668,2.0982000000000003,54.63,75.05484888075252
1992-05-01,24.88148148148148,38.03193548387096,93.9935483870968,63.71612903225808,37.73666666666667,26.37161290322581,267.2947247917045,74.32723419276175
1992-06-01,30.766374818126764,34.49000000000001,111.14666666666666,58.8909090909091,38.71333333333333,35.06333333333334,524.8333333333334,176.41934065498992
1992-07-01,15.101004919739777,21.95161290322581,79.28709677419356,40.20715013109729,28.314814814814813,15.156451612903227,208.8709677419355,328.35445019765666
1992-08-01,14.75161290322581,15.758064516129028,39.01612903225807,21.145161290322587,22.622580645161293,7.586129032258064,133.88709677419354,219.08005777560658
1992-09-01,32.55184282623116,22.9,63.85999999999999,36.34,29.105018142934394,13.66933333333333,187.6,97.03333333333332
1992-10-01,56.29677419354839,26.080645161290324,89.73548387096774,60.48064516129033,37.15483870967742,10.53967741935484,144.93548387096774,291.46665237701006
1992-11-01,66.97265929625908,32.970000000000006,130.52333333333334,110.84333333333332,53.9,7.303333333333333,222.4,254.7787903984339
1992-12-01,89.5895334164611,28.23548387096774,121.83870967741936,131.57692307692307,60.55541071420674,3.47258064516129,222.1935483870968,148.62452157498782
1993-01-01,50.11734792523788,21.28064516129032,86.06129032258065,74.15913150391417,48.032258064516135,1.9403703703703703,135.4225806451613,23.826249190483175
1993-02-01,34.34674379078322,12.280714285714284,56.58928571428571,37.43214285714286,31.314285714285717,0.9524642857142858,64.94642857142858,36.20683191129144
1993-03-01,25.45394849511374,6.804516129032258,36.25161290322581,17.76774193548387,22.370967741935488,0.7563870967741939,47.58387096774192,27.198666043745746
1993-04-01,17.057835290770907,8.411,31.52,16.393333333333334,20.83666666666667,1.5677333333333332,70.46666666666667,65.93467584217186
1993-05-01,31.576418483981,24.80645161290322,69.67741935483872,47.809979887084744,35.85161290322581,18.487391304347824,222.5,74.32723419276175
1993-06-01,38.62778420963983,41.38999999999999,122.93333333333334,60.44015187615406,45.67857142857144,31.803214285714283,343.76666666666665,176.41934065498992
1993-07-01,23.524252611838968,29.13225806451613,82.16129032258064,43.58048552889698,22.005011520737327,22.36192307692308,255.4193548387097,328.35445019765666
1993-08-01,17.4681380029118,16.983870967741932,45.28709677419355,30.532258064516128,24.235483870967744,20.76518677581522,110.5,181.1081656105447
1993-09-01,17.097981770015874,14.541666666666666,46.24,31.406666666666677,24.296666666666663,5.66814814814815,103.42666666666666,97.03333333333332
1993-10-01,29.218700760859917,17.229354838709675,60.29032258064515,50.383870967741935,28.280645161290323,4.026774193548387,89.46451612903226,326.46992921645005
1993-11-01,64.39966241791264,20.70333333333333,82.47,83.00333333333334,37.726666666666674,2.9083333333333337,123.48666666666666,194.1635471124336
1993-12-01,62.083999999999975,25.94516129032258,89.09032258064514,99.8548387096774,46.193548387096776,4.010322580645161,141.53225806451613,204.33881023052453
1994-01-01,36.06817536663453,15.961290322580648,60.5258064516129,67.28260869565216,33.00967741935484,1.0681290322580648,70.29032258064515,23.826249190483175
1994-02-01,20.467106550551776,9.0325,43.8142857142857,41.0881483050323,28.236796730024306,0.4011785714285713,27.13928571428571,14.572647843582246
1994-03-01,19.32256347612472,7.0606451612903225,30.94193548387098,23.706451612903223,19.119354838709675,0.3956451612903225,28.63225806451613,51.76451279850333
1994-04-01,17.480555388746424,7.069333333333334,26.383333333333333,18.613333333333337,17.923333333333332,2.0080666666666667,47.97,66.60892385953778
1994-05-01,19.867601570408308,8.976774193548389,32.69032258064516,12.248387096774197,18.60322580645162,4.53183870967742,88.63870967741934,74.32723419276175
1994-06-01,22.96564961543106,20.409999999999997,52.88333333333333,31.803333333333327,24.80333333333333,12.379666666666663,148.26333333333332,118.52629922093853
1994-07-01,29.217857142857145,41.07741935483871,104.95806451612904,54.40322580645162,44.39354838709678,39.9656,366.8612903225807,328.35445019765666
1994-08-01,13.94407314890045,18.02258064516129,44.7258064516129,22.518804018844598,25.40322580645162,7.372903225806453,119.55483870967744,192.9486688067987
1994-09-01,31.34727390949648,18.40333333333333,46.89333333333333,32.41428571428572,26.37333333333334,7.704333333333333,93.87666666666668,97.03333333333332
1994-10-01,31.605240678741755,21.664516129032258,61.793548387096784,38.60905516348616,31.096774193548384,6.170645161290322,91.8483870967742,5.7483652374892245
1994-11-01,67.65662654693486,27.379999999999995,103.81666666666663,98.62333333333332,37.92142857142857,4.184,127.40666666666668,194.1635471124336
1994-12-01,48.16896551724138,23.283870967741937,84.30645161290322,92.15466169029366,44.07419354838711,2.558387096774193,111.52258064516128,162.0581162322556
1995-01-01,30.100123652648445,11.749354838709676,41.83870967741935,44.75652173913044,31.783870967741933,0.997217391304348,38.406451612903226,23.826249190483175
1995-02-01,32.09097373472897,7.534642857142857,42.746428571428574,28.617857142857154,22.24642857142857,1.2605357142857143,18.375,57.37691361620545
1995-03-01,19.95925925925926,5.550645161290324,26.380645161290325,21.706451612903223,18.59032258064516,0.5713225806451613,20.75161290322581,28.77630626519974
1995-04-01,19.205,10.4,25.383333333333336,28.496666666666663,23.12333333333333,3.355166666666667,50.20000000000001,79.47011650876576
1995-05-01,13.167619047619048,7.784193548387095,25.122580645161296,24.512497274637223,20.196666666666665,1.9323548387096767,84.80645161290326,74.32723419276175
1995-06-01,26.021092307079083,31.450000000000003,72.78,45.48156541156486,38.11666666666666,17.737000000000002,222.96,146.8432837236021
1995-07-01,17.84794179646821,23.08064516129032,50.95161290322581,33.90606584421928,30.56774193548387,16.698064516129033,265.1290322580645,328.35445019765666
1995-08-01,17.319354838709682,23.3,50.57419354838709,30.45806451612903,25.996774193548383,18.05096774193548,208.7741935483871,414.8411277367664
1995-09-01,30.61666666666667,32.49,76.23,47.70769230769229,34.686666666666675,15.49766666666667,147.03000000000003,97.03333333333332
1995-10-01,35.70645161290322,26.60645161290323,73.61290322580643,51.622580645161285,35.248387096774195,8.390322580645162,102.18064516129031,275.4362013188536
1995-11-01,68.12000000000002,33.11,113.06666666666666,103.59130434782608,53.196666666666665,5.749333333333334,154.93333333333334,352.4243651755682
1995-12-01,59.23636363636363,27.41612903225805,103.26774193548388,111.94929269246029,51.870967741935495,2.663225806451613,138.0,193.26564989231838
1996-01-01,33.41363636363638,12.18290322580645,59.222580645161294,61.78055695762505,31.993548387096773,0.7423548387096773,45.29354838709678,23.826249190483175
1996-02-01,29.458620689655174,7.601379310344828,42.54827586206897,30.29310344827587,22.28275862068965,0.4843793103448277,18.29310344827586,14.57438719652289
1996-03-01,17.37096774193548,5.870645161290324,26.158064516129038,24.38387096774193,19.532258064516125,0.5639354838709677,22.36451612903226,51.90219907555722
1996-04-01,9.958333333333334,5.691666666666666,17.436666666666667,22.166666666666664,18.453333333333333,1.4011333333333331,40.40666666666667,54.20354965605932
1996-05-01,7.382580645161288,4.727419354838709,13.8741935483871,19.422580645161283,15.85483870967742,1.1604516129032256,42.15483870967743,74.32723419276175
1996-06-01,10.734666666666666,11.62766666666667,27.369999999999987,28.52333333333333,23.39666666666667,6.847,110.20666666666666,100.46802798550777
1996-07-01,9.47741935483871,9.188064516129034,25.0,20.058064516129036,18.412903225806453,4.758064516129033,72.76451612903227,70.24307668148936
1996-08-01,12.46,15.213870967741933,37.880645161290325,25.23225806451613,20.516129032258068,9.789032258064518,111.2,219.90435255671392
1996-09-01,14.936666666666666,13.523333333333332,37.40999999999999,27.393333333333327,20.92,5.878,63.55666666666666,97.03333333333332
1996-10-01,20.714285714285715,13.796774193548387,42.8483870967742,42.35517241379311,27.064516129032263,3.488387096774193,49.5774193548387,198.0490864212057
1996-11-01,51.99,12.007333333333332,37.91,52.647736101081335,26.29,2.003133333333334,43.72666666666666,132.967287806681
1996-12-01,12.418709677419358,7.087096774193547,22.141935483870967,23.12903225806451,17.454838709677418,0.589516129032258,12.317419354838712,18.643882072857966
1997-01-01,11.816129032258065,5.918387096774194,19.951612903225808,18.348387096774196,14.770967741935484,0.1927741935483871,57.79726630463683,23.620577659402766
1997-02-01,13.813571428571423,5.027500000000001,21.13214285714286,17.099999999999998,11.94285714285714,0.13775,4.104642857142857,11.222551216215482
1997-03-01,10.246451612903224,4.580967741935484,17.5,14.796774193548387,10.950322580645162,0.0846774193548386,6.637083333333333,43.261108774588365
1997-04-01,17.838000000000005,12.394666666666666,28.13666666666667,13.747826086956524,18.348,2.8694333333333333,64.58999999999999,79.47011650876576
1997-05-01,14.498345907384866,10.375806451612904,33.98064516129032,35.38461647036965,18.16086956521739,6.614193548387099,99.13870967741936,74.32723419276175
1997-06-01,58.31666666666668,56.16333333333332,115.77333333333334,73.77333333333333,41.47037037037036,46.68033333333334,648.5,176.41934065498992
1997-07-01,18.774193548387096,28.667741935483875,74.3967741935484,42.26923076923076,25.13870967741935,16.131290322580643,129.884,328.35445019765666
1997-08-01,32.019230769230774,43.07419354838709,111.21290322580644,61.91230412782147,36.29032258064515,24.75161290322581,348.7638917106174,414.8411277367664
1997-09-01,37.35,50.27,135.90666666666667,31.91547619047619,54.84333333333334,8.942333333333334,117.76666666666668,97.03333333333332
1997-10-01,24.829032258064515,39.870967741935495,114.6483870967742,68.1409705891927,45.71935483870968,10.813832657878887,283.2,299.18480531646645
1997-11-01,58.4,39.03,137.45333333333335,84.97,53.16,9.6084,151.93333333333334,337.80247019497335
1997-12-01,92.0677419354839,39.996774193548376,184.6129032258065,142.09677419354838,68.23870967741934,4.424458599460237,186.67741935483872,241.56230764299275
1998-01-01,81.79032258064517,31.996774193548383,122.50967741935484,110.56962111060861,58.91290322580646,3.2978688873409974,140.31034482758622,23.826249190483175
1998-02-01,43.04642857142858,18.392857142857142,71.9392857142857,57.123544996118106,39.76785714285715,1.5125000000000004,88.23928571428571,64.50172613136887
1998-03-01,27.803225806451607,7.840645161290324,46.75161290322581,32.559999999999995,27.932258064516123,0.7884193548387097,56.32258064516128,60.132401880273335
1998-04-01,20.62333333333333,8.127433333333332,41.32666666666666,24.69835215833317,25.89,2.687300000000001,69.91666666666667,79.47011650876576
1998-05-01,12.616129032258064,5.387096774193548,27.33548387096775,21.92068965517242,19.52258064516129,1.4803870967741937,60.26774193548386,74.32723419276175
1998-06-01,12.54,8.852,28.71666666666666,11.779273430653392,19.440000000000005,1.8513333333333333,60.05599999999998,71.53482980209341
1998-07-01,9.923548387096774,5.475483870967743,22.76129032258065,19.123143284321134,15.39,0.3473870967741935,45.99677419354839,0.0
1998-08-01,6.360798844097355,5.009354838709677,18.60322580645161,15.248387096774197,13.170000000000003,0.783,36.39677419354839,101.01200122997639
1998-09-01,8.905517241379311,6.242333333333335,20.186666666666667,17.490000000000002,13.968965517241376,1.7299333333333329,25.299999999999997,97.03333333333332
1998-10-01,13.753870967741936,7.669354838709679,26.65161290322581,26.01935483870968,17.474193548387095,1.1153225806451614,26.73829827109038,194.12348385010972
1998-11-01,14.523333333333332,7.343666666666666,26.43,22.51,14.756666666666668,0.4318666666666665,37.85144485442811,37.42215469032183
1998-12-01,14.94838709677419,6.747741935483872,26.41935483870968,19.77096774193549,12.445161290322584,0.178,4.259032258064516,13.750752847579223
1999-01-01,17.045161290322575,5.868709677419355,28.148387096774197,17.835483870967742,10.974193548387095,0.1181290322580645,1.0474285714285716,20.759558149394582
1999-02-01,17.842857142857145,5.158928571428571,28.285714285714285,16.125,9.824642857142855,0.1178571428571428,2.0243571428571423,25.31078883284403
1999-03-01,12.31090909090909,4.50741935483871,18.50967741935484,13.03870967741936,10.041935483870963,0.1232903225806451,10.000000000000002,51.12216996257598
1999-04-01,6.346999999999999,4.129333333333333,11.310000000000002,11.686666666666667,9.567333333333332,0.824919051545804,17.39,37.59735175405142
1999-05-01,5.439032258064516,4.26516129032258,11.606451612903228,11.609677419354838,9.522258064516128,0.7006129032258064,46.92580645161291,23.913693594688485
1999-06-01,7.400333333333333,4.077133333333334,21.23,17.05,13.614666666666665,6.210466666666665,89.94827586206897,91.53772048129666
1999-07-01,8.154516129032258,4.111645161290323,23.161290322580644,17.729032258064517,14.07741935483871,5.947096774193548,76.30967741935484,87.55410461362493
1999-08-01,11.649032258064516,16.49935483870968,35.9225806451613,26.777419354838703,20.09354838709678,14.553870967741938,125.5967741935484,221.8947753061299
1999-09-01,20.33,42.44333333333334,87.69666666666666,43.74666666666667,31.063333333333336,28.31,376.1333333333333,97.03333333333332
1999-10-01,41.660714285714285,31.883870967741935,77.9,58.84516129032258,35.55483870967741,8.93865016360546,114.0967741935484,37.38711803824904
1999-11-01,70.12666666666668,34.67333333333333,122.11724137931034,102.79333333333334,51.03333333333333,5.921923076923077,132.86666666666667,265.9053138658261
1999-12-01,54.170967741935485,21.993548387096773,87.31999999999998,86.98387096774194,42.0774193548387,2.8783870967741936,97.72903225806448,141.30323717091716
2000-01-01,32.68064516129033,11.122258064516126,46.696551724137926,39.97096774193549,25.0258064516129,0.9658709677419356,29.55806451612902,23.620577659402766
2000-02-01,26.110344827586204,8.34655172413793,46.4551724137931,25.962068965517243,20.296551724137927,1.3612758620689656,20.308172413793105,48.79480071527355
2000-03-01,15.72483870967742,4.433870967741937,27.58935483870968,17.816129032258058,15.15483870967742,0.4962903225806451,15.187096774193549,3.4635356827587387
2000-04-01,7.237999999999999,3.8376666666666654,14.588461538461534,15.423333333333334,13.599999999999998,0.5017333333333334,18.39666666666666,18.23186488435118
2000-05-01,5.949677419354838,3.5293548387096774,12.158064516129034,14.59032258064516,12.593548387096776,0.7236451612903224,32.36451612903226,74.32723419276175
2000-06-01,41.41166666666666,50.882666666666665,112.90333333333334,63.06866666666667,56.73,45.62103333333334,654.88,176.41934065498992
2000-07-01,25.60000000000001,36.622580645161285,90.7032258064516,58.52903225806451,48.21935483870967,26.055161290322577,467.06451612903226,328.35445019765666
2000-08-01,17.5741935483871,15.577419354838709,39.13793103448275,29.04516129032258,23.460714285714285,7.331290322580644,134.75862068965515,344.5447477656346
2000-09-01,24.37,33.233333333333334,75.03448275862068,49.00333333333333,34.85333333333334,22.986666666666665,339.4433333333333,97.03333333333332
2000-10-01,45.82903225806452,29.725806451612907,88.74333333333334,66.57741935483871,41.13548387096774,11.46903225806452,141.68064516129033,312.01136288350335
2000-11-01,66.10333333333334,29.92333333333333,135.43928571428572,96.25185185185184,50.10666666666667,6.628666666666666,147.51785714285714,284.5400321891819
2000-12-01,100.31290322580648,33.932258064516134,166.67741935483872,150.8709677419355,72.26451612903226,4.134838709677418,207.4193548387097,241.56230764299275
2001-01-01,54.261290322580656,22.43870967741935,94.77419354838712,89.33548387096774,50.94516129032259,1.918709677419355,110.1258064516129,23.826249190483175
2001-02-01,32.89285714285713,15.083571428571428,54.60714285714285,46.596428571428575,35.68928571428571,0.9370357142857142,56.20357142857142,56.304864640489534
2001-03-01,23.32903225806451,7.466451612903226,32.49032258064516,23.861290322580647,22.232258064516127,0.5491935483870968,36.78387096774194,12.509713871143402
2001-04-01,12.853333333333332,6.348333333333333,12.616428571428573,19.883333333333333,18.126666666666672,0.8091,40.23666666666666,28.764572895343324
2001-05-01,21.029032258064515,15.946451612903228,44.74,39.58387096774194,31.51290322580645,7.67083870967742,136.13548387096773,74.32723419276175
2001-06-01,25.26,18.004666666666665,69.86999999999998,38.33666666666667,32.763333333333335,8.159999999999998,160.03333333333333,111.49101580275496
2001-07-01,34.81935483870968,48.78290322580645,138.15161290322584,74.92580645161291,55.051612903225816,32.90741935483871,521.6548387096774,328.35445019765666
2001-08-01,35.854838709677416,41.54193548387097,118.3483870967742,59.26774193548388,45.47741935483871,24.05,371.7741935483871,414.8411277367664
2001-09-01,34.86999999999999,18.99000000000001,72.56666666666668,39.20333333333334,32.58333333333333,10.185,189.4333333333333,97.03333333333332
2001-10-01,53.37741935483872,16.032258064516128,73.30967741935484,52.270967741935486,32.24516129032258,4.916129032258064,100.66129032258064,300.9729608276889
2001-11-01,77.02,14.397,97.40666666666668,86.39,42.43333333333332,3.2863333333333333,110.98666666666666,275.6289531061907
2001-12-01,108.23548387096776,27.603225806451608,132.06451612903226,134.29032258064515,58.21935483870966,2.2367741935483867,151.25806451612902,212.57025030517732
2002-01-01,49.251612903225805,14.709677419354838,73.88709677419355,63.532258064516135,37.65806451612903,0.6925806451612904,63.08064516129031,23.826249190483175
2002-02-01,31.642857142857142,11.891071428571426,49.86785714285713,33.51428571428571,25.685714285714283,0.40625,32.38214285714285,41.754809718799436
2002-03-01,22.070967741935487,9.27516129032258,36.33225806451613,29.206451612903223,29.27741935483871,0.8980829853126764,70.36451612903227,22.493116564084367
2002-04-01,10.3412,7.363000000000001,19.106666666666666,20.23333333333333,21.98333333333333,1.3305000000000002,60.51666666666667,50.410051446216734
2002-05-01,19.14193548387097,18.471290322580646,49.3258064516129,45.23548387096775,37.54666666666666,10.353129032258064,179.53548387096777,74.32723419276175
2002-06-01,20.290000000000003,23.529999999999987,74.25666666666667,45.51666666666665,36.31666666666667,18.693666666666665,305.1666666666667,176.41934065498992
2002-07-01,16.7,18.514516129032256,59.75806451612903,35.3967741935484,28.616000000000003,13.36161290322581,196.2967741935484,231.11077392333334
2002-08-01,16.98483870967742,65.7741935483871,220.76129032258063,109.23870967741937,22.622580645161293,54.51806451612904,687.2258064516129,262.38612162130806
2002-09-01,27.798442364538733,28.56333333333333,98.1758620689655,56.63571428571429,37.86923076923077,16.956666666666667,254.0,97.03333333333332
2002-10-01,47.71612903225807,28.32903225806451,100.54193548387096,67.07419354838709,38.11935483870967,11.831612903225809,149.61290322580646,256.8106783797968
2002-11-01,89.80333333333331,34.82666666666667,164.80666666666667,117.28666666666666,55.45666666666667,7.123666666666666,176.86666666666667,373.8693986782488
2002-12-01,107.74516129032256,34.27096774193548,191.74193548387095,168.06451612903226,73.11612903225809,4.058387096774194,219.0967741935484,241.56230764299275
2003-01-01,93.93929922677742,29.287096774193547,161.66666666666666,140.43548387096774,67.5516129032258,3.2341935483870974,179.06451612903226,23.826249190483175
2003-02-01,32.64559705799548,14.98214285714286,52.396153846153865,64.83214285714286,37.45000000000001,0.6822142857142858,77.46785714285714,43.29408551974767
2003-03-01,28.31612328141032,8.955333333333332,39.41290322580645,35.76774193548388,22.90000000000001,0.4090645161290322,57.36774193548387,56.34267270425285
2003-04-01,15.35,4.545666666666666,21.676666666666662,21.306896551724137,15.613793103448277,0.2423000000000001,46.13103448275862,8.847433700808837
2003-05-01,10.119677419354836,4.994838709677419,16.722580645161294,19.341935483870973,12.987096774193551,1.8028709677419357,64.26129032258066,74.32723419276175
2003-06-01,30.323666666666668,31.759999999999994,83.81999999999998,58.0,40.13333333333333,18.283000000000005,223.68,152.78274633299233
2003-07-01,17.741935483870968,17.929032258064517,45.82258064516128,26.18709677419356,25.75483870967741,6.211935483870969,122.2967741935484,159.72672180651568
2003-08-01,13.887096774193552,10.739032258064515,28.70967741935484,18.070967741935483,18.69677419354839,3.2948387096774185,70.22903225806449,51.57775159209271
2003-09-01,20.33333333333333,13.914666666666667,40.63666666666665,24.53666666666667,20.936666666666675,4.6804,65.51666666666667,97.03333333333332
2003-10-01,36.07741935483871,17.993548387096777,56.54193548387097,45.28064516129032,29.522580645161284,5.361290322580646,73.28064516129032,158.46719600462333
2003-11-01,48.11333333333333,19.736666666666675,68.53666666666666,71.17666666666666,38.52666666666667,3.827333333333334,95.87333333333336,224.56773735274024
2003-12-01,41.56129032258063,15.567741935483868,55.183870967741925,54.9258064516129,31.296774193548384,2.071290322580645,58.206451612903216,85.36885249886859
2004-01-01,30.845161290322583,11.069354838709678,41.60967741935483,30.606451612903225,21.89032258064516,1.269741935483871,18.73387096774193,22.540044543131362
2004-02-01,25.00689655172414,6.693448275862068,32.244827586206895,19.16896551724138,16.58275862068965,0.5582068965517241,10.069655172413793,35.3632252698483
2004-03-01,20.21290322580645,7.787868548022087,25.12258064516129,16.387096774193548,14.7,0.8226129032258064,21.82903225806452,18.531764128418885
2004-04-01,26.634000000000004,20.167666666666666,49.56100000000001,45.88666666666667,40.29333333333334,5.328833333333333,123.21,79.47011650876576
2004-05-01,11.558064516129033,5.607741935483872,17.90967741935484,15.41935483870968,13.977419354838707,1.0139354838709678,57.45806451612904,74.32723419276175
2004-06-01,16.849999999999998,14.036333333333328,38.50333333333332,26.42,19.53,6.222500000000001,88.51666666666664,98.1022502002607
2004-07-01,16.396774193548392,16.936129032258062,44.55483870967742,27.5741935483871,20.203225806451616,8.047096774193548,115.97419354838708,211.3785249368644
2004-08-01,18.32903225806452,18.0,49.71612903225805,27.81612903225807,20.048387096774192,8.385161290322579,107.9193548387097,250.19258553891152
2004-09-01,39.49666666666666,27.21666666666668,80.17,45.440000000000005,28.25333333333333,12.916333333333332,142.63000000000002,97.03333333333332
2004-10-01,40.690322580645166,17.65806451612903,65.82903225806452,43.88709677419355,24.899999999999995,4.665806451612903,74.9516129032258,221.44489747796575
2004-11-01,51.99,23.160000000000004,78.44000000000001,66.39,36.39,4.528666666666667,95.17333333333332,175.01499894852816
2004-12-01,48.54516129032258,18.200000000000003,64.4225806451613,62.980645161290326,34.719354838709684,1.915483870967742,73.13548387096773,92.61918672699869
2005-01-01,29.254838709677426,9.016774193548384,37.270967741935486,31.467741935483875,20.186666666666667,0.656483870967742,18.529032258064515,22.519024571040095
2005-02-01,28.82142857142856,5.299285714285714,33.07857142857144,20.66296296296296,13.728571428571426,0.4453214285714285,10.658148148148149,48.36464320925881
2005-03-01,25.67741935483871,4.215483870967741,27.38064516129032,15.538709677419355,11.283333333333331,0.4534193548387097,23.587096774193554,11.750911268744737
2005-04-01,14.563333333333336,3.547000000000001,15.973333333333334,13.01666666666667,9.715000000000002,0.4816666666666667,21.323333333333327,19.103010648755166
2005-05-01,24.451612903225808,24.85225806451613,53.045161290322575,34.693548387096776,22.39642857142857,13.50822580645161,146.55806451612904,74.32723419276175
2005-06-01,48.95333333333335,102.82333333333332,162.28333333333333,88.87333333333332,62.18666666666665,46.46666666666668,585.1,176.41934065498992
2005-07-01,31.235483870967748,43.09677419354837,91.69677419354838,52.66129032258065,44.97096774193547,22.60935483870968,361.03225806451616,328.35445019765666
2005-08-01,45.99677419354838,56.21290322580646,147.6258064516129,82.13225806451612,51.02472866243091,40.33870967741935,494.5161290322581,262.38612162130806
2005-09-01,27.846666666666657,26.843333333333337,73.46666666666665,45.40666666666666,36.89666666666667,15.73333333333333,217.0,97.03333333333332
2005-10-01,41.08064516129033,22.98387096774194,76.03548387096775,54.041935483870965,37.07741935483871,14.356676804162996,103.72258064516129,115.01800319178045
2005-11-01,83.66000000000001,35.92333333333334,130.95,106.42333333333332,59.55666666666666,6.536706702146166,184.93666666666667,387.6925557444954
2005-12-01,98.19677419354838,33.81612903225806,145.4516129032258,137.76129032258066,67.70967741935483,3.8303618407716944,213.2258064516129,241.56230764299275
2006-01-01,81.40000000000002,25.864516129032257,119.36129032258066,126.07096774193548,65.68387096774192,2.01741935483871,176.61290322580646,23.826249190483175
2006-02-01,46.075,17.825,67.89642857142859,67.77142857142857,46.14642857142859,1.0777499999999998,96.19285714285714,64.19585010087918
2006-03-01,26.890322580645165,9.02064516129032,30.712903225806457,32.47741935483872,29.90967741935484,0.7069354838709676,57.81290322580644,48.530612035972354
2006-04-01,17.69333333333334,6.192666666666667,22.96333333333333,25.79666666666667,24.936666666666664,1.269466666666667,63.86666666666665,47.03050237122272
2006-05-01,22.125806451612902,11.74258064516129,38.36129032258064,31.35666666666668,33.63333333333333,4.242645161290322,103.8,74.32723419276175
2006-06-01,44.20333333333333,32.24466666666667,89.60666666666665,58.12,49.67,18.58933333333333,319.6433333333333,176.41934065498992
2006-07-01,35.96846195317421,52.5391304347826,118.841935483871,70.2548387096774,62.73703703703705,30.32064516129033,449.64516129032256,328.35445019765666
2006-08-01,29.99032258064516,35.33870967741935,75.23870967741934,43.222580645161294,33.4957324626838,23.70967741935484,343.83870967741933,262.38612162130806
2006-09-01,30.879999999999995,24.826666666666668,58.28333333333333,39.74,26.21032947312155,11.707333333333333,145.4,97.03333333333332
2006-10-01,52.39677419354837,30.89354838709677,83.42903225806452,60.80645161290322,42.56800000000001,11.409354838709678,159.39999999999998,256.6246559038417
2006-11-01,80.68666666666665,29.950000000000006,109.30333333333331,92.57333333333334,49.510000000000005,5.640666666666667,140.23333333333332,195.26875414537773
2006-12-01,83.03548387096777,27.93225806451613,116.91290322580646,116.14838709677416,57.27741935483871,3.1945161290322583,160.3548387096774,225.52084098504025
2007-01-01,61.34516129032257,20.096774193548388,85.72903225806452,86.89354838709679,48.84838709677418,1.8848,108.2032258064516,23.826249190483175
2007-02-01,43.47857142857142,10.514285714285716,46.371428571428574,39.57142857142856,31.775,1.0471785714285715,61.45925925925925,37.69773262709368
2007-03-01,32.932258064516134,6.260645161290323,29.71935483870968,24.329032258064515,22.054838709677416,0.5165161290322581,41.08387096774194,24.830449816292372
2007-04-01,16.206666666666663,4.308000000000001,16.966666666666665,16.466666666666665,16.636666666666667,0.5209,40.85,19.51745423379887
2007-05-01,12.46322580645161,3.737096774193549,14.076923076923077,13.56774193548387,13.47741935483871,0.551741935483871,44.941935483870985,74.32723419276175
2007-06-01,8.594333333333335,4.9593333333333325,16.53333333333333,13.979999999999997,13.13,2.391633333333333,64.37999999999998,86.66091141416153
2007-07-01,12.795161290322584,12.87483870967742,28.564516129032263,18.780645161290323,17.09677419354839,7.233870967741935,91.89999999999998,116.61789258987909
2007-08-01,9.047096774193548,10.624193548387098,23.783870967741933,15.858064516129035,13.922580645161297,7.385806451612903,108.08387096774192,218.05947188514122
2007-09-01,23.25333333333333,15.94333333333333,40.203333333333326,25.646428571428576,18.08,7.981666666666668,81.43,97.03333333333332
2007-10-01,42.52903225806452,19.867741935483878,62.47741935483872,28.231558960045394,28.187096774193545,6.612903225806453,77.55161290322582,190.6920141355678
2007-11-01,61.68666666666668,21.16,77.01,72.59666666666666,37.92142857142857,3.636666666666667,128.9459054056587,240.53140243440427
2007-12-01,41.7225806451613,14.4841935483871,53.29032258064517,47.92,30.08928571428571,1.4183870967741936,64.02032372171747,89.25539522582345
2008-01-01,30.93870967741935,8.119032258064516,38.61290322580644,24.606451612903225,17.993548387096777,0.367032258064516,13.316774193548383,21.992644933068718
2008-02-01,23.800000000000004,5.312413793103447,29.34137931034483,17.444827586206895,13.57241379310345,0.2106896551724138,11.646551724137934,2.520839018453719
2008-03-01,13.525806451612906,4.285925925925926,18.4258064516129,13.270967741935486,10.636129032258063,0.2118387096774193,16.59032258064516,49.80490449814168
2008-04-01,7.318333333333332,3.918,12.098666666666665,12.216666666666663,8.798,0.3850666666666666,28.683333333333337,15.126701045235043
2008-05-01,45.62916666666666,53.90607142857142,100.44645161290322,108.60322580645162,47.91340730131668,20.237096774193542,252.2042452751661,74.32723419276175
2008-06-01,31.74536550513635,29.533333333333328,69.03999999999999,69.32666666666667,48.90659331595428,13.728100000000005,373.7307692307692,118.41
2008-07-01,15.720833333333331,17.674193548387098,51.9258064516129,30.90645161290323,21.703571428571426,7.958064516129033,164.92857142857142,149.7346312423974
2008-08-01,23.67333333333333,17.353225806451608,86.28387096774193,38.96774193548388,27.972413793103453,26.26774193548388,325.83870967741933,414.8411277367664
2008-09-01,36.35333371443374,17.206463913380453,65.43333333333334,31.416666666666668,22.983333333333327,8.897333333333334,144.83333333333334,97.03333333333332
2008-10-01,37.20967741935484,20.95161290322581,99.98387096774196,48.9225806451613,26.4258064516129,4.861290322580645,101.8709677419355,213.23376571139045
2008-11-01,57.08333333333334,23.7,139.22666666666666,89.54666666666667,34.843333333333334,3.1346666666666665,145.5,81.8370422887032
2008-12-01,43.99677419354839,17.429032258064513,64.97741935483872,60.14193548387098,28.00967741935484,0.8030645161290325,93.44838709677418,113.67535223180826
2009-01-01,29.506451612903227,11.043225806451614,38.3,29.60645161290323,17.07741935483871,0.1541290322580645,31.667741935483868,23.826249190483175
2009-02-01,23.825,7.254642857142857,30.532142857142865,16.635714285714286,12.960714285714284,0.1323928571428571,18.09642857142857,6.705985142968343
2009-03-01,15.47741935483871,5.78193548387097,22.558064516129036,12.056774193548383,11.667741935483871,0.4882258064516129,22.119354838709675,11.737874441773604
2009-04-01,10.483333333333336,4.515333333333333,8.912333333333331,12.04333333333333,10.34466666666667,0.3308999999999999,22.530000000000005,12.169343522608386
2009-05-01,20.187096774193545,12.888709677419358,36.0458064516129,23.64193548387096,21.37290322580645,4.220709677419356,92.1967741935484,74.32723419276175
2009-06-01,14.256666666666664,10.561333333333334,32.276666666666664,19.796666666666667,19.48,4.945733333333333,110.23,105.56714034631463
2009-07-01,16.19064516129032,18.022580645161288,30.83870967741936,26.467741935483875,24.04516129032257,10.410322580645166,166.34516129032255,138.28607057984448
2009-08-01,16.98483870967742,21.90967741935484,56.52258064516128,28.46451612903225,25.277419354838717,13.726451612903226,188.96451612903223,348.08299524049346
2009-09-01,22.60333333333333,28.733333333333334,90.58333333333331,39.95666666666666,26.88333333333333,17.77733333333333,225.9,97.03333333333332
2009-10-01,32.62903225806452,18.835483870967742,61.50645161290323,43.36451612903226,24.50967741935484,5.900322580645161,92.2,53.10680454305526
2009-11-01,40.60333333333333,15.224666666666666,68.85666666666665,55.21666666666667,29.24333333333333,3.833333333333334,90.61666666666667,128.94085157930488
2009-12-01,50.49677419354838,18.69677419354839,85.8741935483871,84.05161290322582,40.077419354838696,2.385161290322582,117.1774193548387,158.29650611971897
2010-01-01,33.82258064516129,11.170322580645164,50.22068965517242,47.25666258632451,25.947028507529524,1.0997741935483871,70.10967741935484,23.826249190483175
2010-02-01,26.267857142857142,5.649285714285715,35.31071428571428,33.73841672643334,23.6769985036196,0.4793571428571428,29.974999999999994,10.60837909072099
2010-03-01,18.570967741935476,4.918064516129031,28.38387096774193,18.671953445788933,17.370200429567085,0.506967741935484,43.29677419354839,26.071913667034167
2010-04-01,8.727333333333332,4.266333333333333,17.256666666666668,9.2442906000031,16.916666666666664,0.4644666666666667,37.52666666666667,18.652445067799533
2010-05-01,7.535161290322582,4.292580645161289,14.358064516129032,14.44516129032258,12.367857142857146,0.6950967741935484,59.23548387096773,74.32723419276175
2010-06-01,8.469666666666665,6.972,19.62333333333333,16.196666666666665,13.443333333333335,3.830733333333333,110.33333333333331,102.63508796114058
2010-07-01,8.094074074074074,7.300322580645161,19.919354838709683,16.17419354838709,13.038709677419355,4.363548387096774,107.68064516129031,123.53184965129684
2010-08-01,7.799999999999998,9.08064516129032,21.680645161290325,20.651612903225804,13.977419354838712,5.986774193548388,86.65806451612903,189.7291107456552
2010-09-01,10.40793103448276,13.338000000000005,29.94333333333333,29.56000000000001,15.74666666666667,5.065666666666668,80.72999999999999,97.03333333333332
2010-10-01,31.65483870967741,21.72580645161291,59.58709677419355,80.68064516129031,28.19032258064517,3.9474193548387104,101.58709677419353,120.48837058869354
2010-11-01,30.463333333333345,16.08,47.24333333333332,60.834482758620666,29.224137931034477,2.927666666666666,75.83999999999999,144.0819587955569
2010-12-01,13.267096774193543,7.29258064516129,23.11290322580645,17.697994203899825,18.34516129032258,1.1112,23.86129032258064,19.779029233905465
2011-01-01,14.351666666666668,5.323548387096773,20.62258064516129,8.452185674243275,12.829032258064514,0.503225806451613,7.602258064516127,21.423698306031547
2011-02-01,14.704285714285716,4.666428571428571,19.621428571428574,15.335714285714284,10.511785714285711,0.3102499999999999,6.8275,14.95838703963231
2011-03-01,8.545806451612906,4.444838709677419,13.383870967741936,13.500000000000002,9.88290322580645,0.4313548387096773,19.137096774193544,33.9402372070141
2011-04-01,8.705333333333332,6.739333333333332,17.2,15.923076923076923,11.118,1.3241179376032273,47.63,37.59735175405142
2011-05-01,7.174838709677419,4.794838709677419,13.699999999999994,13.76451612903226,10.07258064516129,0.9072666666666668,52.677419354838726,35.706875108510395
2011-06-01,7.230333333333333,5.211333333333334,14.16,13.046666666666663,10.299,1.9837333333333331,59.40333333333332,85.09738231579018
2011-07-01,7.568387096774192,7.792258064516129,16.97741935483871,14.883870967741936,11.326451612903224,4.62258064516129,87.78064516129034,23.23990531391742
2011-08-01,11.251612903225809,20.92096774193548,37.32903225806452,29.9516129032258,18.59032258064516,15.03129032258065,165.6709677419355,272.47758510973176
2011-09-01,18.710357142857134,25.39333333333333,51.010000000000005,38.89000000000001,20.19333333333333,12.704999999999997,117.76666666666668,97.03333333333332
2011-10-01,30.6258064516129,21.493548387096773,51.69354838709677,55.332258064516125,26.29677419354839,6.023225806451614,86.06129032258063,149.86158905376263
2011-11-01,40.09000000000001,22.89,61.93333333333333,80.25999999999999,35.440000000000005,3.436,121.24666666666668,256.9302475662645
2011-12-01,26.69032258064517,15.447741935483872,41.4451612903226,51.25806451612903,30.64516129032258,1.5198064516129028,66.93870967741935,91.01060804894382
2012-01-01,15.445161290322584,8.583548387096775,24.825806451612905,22.641935483870967,17.632258064516122,0.5872258064516129,12.138709677419357,21.877141204032416
2012-02-01,16.324137931034482,6.294137931034483,22.210344827586205,14.524137931034485,12.944827586206896,0.3478275862068964,8.106206896551724,6.850662519440931
2012-03-01,8.194516129032259,4.844516129032259,12.687096774193549,12.471428571428572,11.239999999999998,0.3414193548387097,13.170967741935485,24.470663010996578
2012-04-01,7.573333333333332,4.795666666666668,10.813793103448273,11.303333333333326,10.533333333333331,0.4651000000000002,19.003333333333337,17.47753204814691
2012-05-01,19.322819629522964,15.07428726174979,44.750322580645154,28.26129032258065,14.517586206896553,6.9003225806451605,108.28709677419356,74.32723419276175
2012-06-01,18.442666666666664,25.855000000000008,61.70000000000001,40.016666666666666,25.476666666666667,12.904,195.0133333333333,133.5444663601248
2012-07-01,11.147419354838709,20.119354838709672,48.24516129032259,29.26774193548387,20.40322580645161,7.517741935483872,125.70967741935485,198.20724479399402
2012-08-01,6.742580645161289,8.259032258064517,26.329032258064515,19.593548387096774,15.14516129032258,3.299354838709678,75.95483870967742,143.96900663449077
2012-09-01,8.119666666666665,9.384333333333334,35.623333333333335,28.506896551724136,17.289655172413795,2.6086666666666667,61.20344827586207,97.03333333333332
2012-10-01,10.097096774193547,12.377741935483868,44.693548387096776,37.04193548387096,20.74193548387097,4.643225806451612,66.78387096774195,137.86085081869055
2012-11-01,27.87,14.333,57.24666666666668,52.08333333333334,25.77,2.439666666666666,58.96333333333333,65.86894923020027
2012-12-01,18.061290322580643,16.133870967741938,56.99354838709678,49.66129032258065,26.216129032258063,5.979677419354839,78.8225806451613,105.44972725656815
2013-01-01,10.586774193548386,10.131290322580648,40.48709677419353,42.16606374757637,21.084193647912652,1.8805483870967736,57.28823221638144,23.620577659402766
2013-02-01,12.163571428571428,5.541785714285716,29.88214285714286,29.501511511548888,19.16808343792238,0.7906428571428571,11.092857142857143,39.88111813226722
2013-03-01,13.896153846153847,4.671612903225806,19.703225806451613,11.494516129032252,11.783870967741937,0.545516129032258,12.470967741935487,6.594528869041927
2013-04-01,8.594429592019058,3.979333333333333,12.27241379310345,13.199999999999992,10.849999999999994,0.4942666666666666,19.0,18.293517034894233
2013-05-01,5.784937405158409,4.780645161290323,12.276129032258062,12.196774193548386,11.021935483870967,1.2398387096774195,38.541935483870965,56.017831349968276
2013-06-01,9.457042107973388,6.548333333333334,15.62,13.640333333333327,11.98666666666666,2.6280333333333337,62.57619047619048,80.40702080798432
2013-07-01,6.754642857142858,10.551333333333334,22.177419354838708,21.425806451612907,15.283870967741937,7.494838709677418,133.54838709677418,215.09429074461914
2013-08-01,7.428709677419354,10.531935483870967,25.554838709677416,19.77741935483871,14.306451612903226,4.467096774193548,18.7244208826436,0.0
2013-09-01,28.244061224201054,13.766666666666673,41.03999999999999,30.976666666666677,19.809999999999995,4.0035425099448325,77.57999999999998,97.03333333333332
2013-10-01,31.605240678741755,11.522258064516128,40.82903225806452,36.72580645161292,21.16129032258064,1.1921584598350319,43.00967741935485,205.9644476150496
2013-11-01,36.737147405463574,12.725333333333332,47.42999999999999,53.32666666666668,26.44333333333333,3.5539413333949614,64.68,109.44024253066738
2013-12-01,23.328481190506125,9.749032258064515,30.464516129032265,34.35806451612903,20.235483870967744,0.6921290322580647,24.678387096774184,38.98560254003995
2014-01-01,13.2,6.335806451612903,19.661290322580648,18.95161290322581,13.558064516129033,0.3340967741935485,3.164838709677418,20.975044431606968
2014-02-01,11.136363636363637,4.075357142857143,19.560714285714283,14.285714285714286,11.25357142857143,0.2652857142857142,2.536785714285714,12.488843899513741
2014-03-01,9.507096774193547,3.3606451612903223,12.364516129032255,11.95806451612903,10.42903225806452,0.4478709677419355,6.8822580645161295,35.63936171281069
2014-04-01,8.478666666666665,5.942166666666667,8.892666666666665,10.611333333333338,10.573333333333332,0.9636666666666666,17.809999999999995,38.12412461986701
2014-05-01,14.732258064516133,7.476129032258063,13.24952380952381,16.799999999999997,13.38709677419355,3.3209354838709664,65.06129032258066,74.32723419276175
2014-06-01,13.78,9.219666666666663,20.30333333333333,17.089999999999996,13.423333333333336,10.830353045374977,178.91333333333336,132.64543796718038
2014-07-01,15.21935483870968,11.944516129032255,23.709677419354843,18.606451612903225,14.238709677419354,4.913750000000001,80.03870967741935,138.060403227602
2014-08-01,21.09032258064516,23.374193548387098,59.01290322580645,33.70967741935484,25.44193548387097,15.202580645161287,147.8548387096774,272.0254839256312
2014-09-01,18.923333333333336,22.78333333333333,53.10000000000001,33.60333333333333,22.836666666666662,13.06766666666667,168.88333333333335,97.03333333333332
2014-10-01,32.25161290322581,20.316129032258065,58.690322580645166,48.82903225806452,27.49677419354839,4.554074074074075,69.13870967741936,206.4817846562451
2014-11-01,43.492592592592594,19.79666666666667,78.29333333333334,71.11666666666669,33.38000000000001,3.5034261175355996,87.94666666666667,92.18309260845663
2014-12-01,28.17083333333333,15.21064516129032,53.76451612903225,55.1451612903226,29.290322580645164,0.5050368980045874,68.24838709677418,103.00882230036254
2015-01-01,19.53793103448276,9.537419354838711,33.722580645161294,30.26774193548387,21.04516129032258,1.0746296296296296,18.42096774193549,22.508287472109803
2015-02-01,17.056364417538592,5.553928571428569,25.207142857142856,17.59285714285714,14.592857142857142,0.3824531369386409,8.022142857142855,30.66187708726058
2015-03-01,12.362879959704426,5.147529677482419,15.785806451612908,13.487096774193546,11.896774193548383,0.4637419354838709,12.651612903225804,16.125512093223566
2015-04-01,6.248666666666667,3.205666666666666,6.555000000000001,11.196666666666664,10.506666666666666,0.4621,21.19,19.97687958222279
2015-05-01,4.674193548387097,6.4373673231337305,5.221612903225807,10.46483870967742,9.872258064516132,0.6238387096774194,31.496774193548383,31.384190011058564
2015-06-01,9.308,14.851833333333332,16.205333333333332,13.566666666666666,12.680666666666664,0.9895625324421508,47.48000000000001,73.29190774041247
2015-07-01,11.03483870967742,14.05258064516129,29.31612903225807,21.79193548387097,16.792258064516133,8.497774193548386,104.9741935483871,134.3299596942877
2015-08-01,21.070967741935483,29.40967741935484,71.75806451612904,36.65806451612902,26.161290322580644,22.45225806451613,285.9935483870967,414.8411277367664
2015-09-01,23.78333333333334,18.69,45.650000000000006,29.633333333333333,22.01,10.542333333333335,99.31,97.03333333333332
2015-10-01,30.435483870967733,23.59354838709677,63.870967741935495,41.380645161290325,26.916129032258063,14.77483870967742,126.7741935483871,82.29040994476078
2015-11-01,51.20333333333334,25.480000000000004,94.6066666666667,71.05333333333333,38.85666666666666,7.288333333333332,113.9833333333333,202.390265194769
2015-12-01,49.5709677419355,22.2,99.40322580645164,79.36774193548385,41.26774193548386,4.017419354838708,109.27419354838707,153.335713668778
2016-01-01,26.777419354838703,11.639677419354834,42.02258064516128,37.04838709677419,27.858064516129037,2.093548387096774,36.89032258064517,23.826249190483175
2016-02-01,22.78620689655172,9.018620689655172,29.544827586206893,20.503448275862077,18.834482758620688,1.106413793103448,12.247586206896552,59.226993536084066
2016-03-01,18.486693084317857,9.09623237705906,20.193548387096765,15.122580645161287,14.36451612903226,0.832290322580645,12.955806451612904,3.768111491384847
2016-04-01,29.241727093979236,17.59533333333333,69.88333333333335,32.46,23.016666666666676,7.947933333333333,120.95576509572783,79.47011650876576
2016-05-01,22.435183892571345,9.046451612903224,40.93870967741936,25.9516129032258,19.800000000000004,4.08,72.39354838709677,74.32723419276175
2016-06-01,20.326666666666668,9.444333333333336,36.01333333333334,20.32,16.173333333333336,3.213,59.973333333333336,73.3678213242571
2016-07-01,16.26451612903226,11.523225806451611,38.567741935483866,21.451612903225804,16.441935483870967,8.687999999999999,122.46129032258064,162.51946716929237
2016-08-01,19.91,12.34451612903226,43.60689655172413,26.36129032258065,19.067741935483877,6.861612903225806,79.44761904761904,210.36327021866728
2016-09-01,22.973333333333333,14.150975147871627,34.970000000000006,25.49666666666666,17.416666666666664,3.5250000000000004,38.59666666666666,97.03333333333332
2016-10-01,25.44193548387097,20.95161290322581,39.54516129032258,34.690322580645166,21.606451612903225,4.301612903225808,47.76129032258064,274.3090556814017
2016-11-01,37.52307692307692,22.116666666666664,48.24666666666667,44.09,23.616666666666674,2.61,45.03,104.17665054938581
2016-12-01,26.69032258064516,7.356129032258062,31.196774193548396,27.36451612903226,16.82903225806452,1.4468181818181818,14.936774193548386,27.21880532768742
2017-01-01,19.870967741935488,5.350869565217391,24.90967741935484,17.974193548387095,13.235483870967744,0.7872258064516128,2.8045161290322587,20.93870967741936
2017-02-01,16.82857142857143,3.708148148148149,20.264285714285712,15.107692307692307,11.349999999999998,0.5635714285714286,2.395714285714285,36.72857142857144
2017-03-01,8.071290322580644,2.8080645161290323,13.774193548387094,11.81790519566496,9.611290322580643,0.5735483870967742,6.416129032258064,47.1
2017-04-01,10.473,3.568,14.053333333333336,12.205714285714285,9.864333333333338,1.1887666666666667,20.803999999999995,42.91
2017-05-01,4.714627604956231,4.8835483870967735,16.08967741935484,13.151612903225807,10.972258064516131,2.9873870967741945,43.648387096774194,54.96451612903226
2017-06-01,18.723000020309968,10.193666666666669,29.639999999999997,20.40666666666667,15.496666666666666,11.616,150.58,118.41
2017-07-01,8.20002629469067,9.164193548387091,28.874193548387098,16.1741935483871,13.080645161290326,7.223225806451613,83.1423076923077,184.8709677419355
2017-08-01,11.823793723735053,10.556129032258063,30.467741935483875,16.31935483870968,13.051612903225802,8.564193548387097,100.28709677419356,187.93548387096772
2017-09-01,23.75192322423669,14.206666666666669,41.38333333333333,24.676666666666662,16.80333333333333,8.667000000000002,69.58,171.96666666666667
2017-10-01,25.28903889428835,19.93870967741936,67.03225806451614,40.18387096774193,24.88064516129032,9.281612903225804,98.958064516129,189.83870967741936
2017-11-01,37.071570369926654,21.47142857142857,84.20333333333332,67.06666666666666,33.53999999999999,3.849,96.47666666666666,193.4333333333333
2017-12-01,36.36129032258064,14.698064516129028,58.548387096774206,56.31612903225807,30.870967741935488,1.694064516129032,63.89354838709679,91.0032258064516
2018-01-01,22.01612903225806,7.911935483870966,30.22258064516129,24.83870967741936,19.13225806451613,0.5645161290322581,13.401612903225804,22.003225806451606
2018-02-01,19.26071428571429,4.635357142857144,24.828571428571436,15.782142857142857,13.878571428571425,0.1463214285714285,6.387857142857144,14.939285714285717
2018-03-01,11.36935483870968,3.636381103849832,16.093548387096778,14.235970491295978,11.787096774193548,0.3163,14.444193548387098,24.94516129032259
2018-04-01,8.072666666666668,3.516666666666666,13.18,12.796666666666663,11.416666666666668,1.0721666666666667,26.48,41.10333333333333
2018-05-01,7.6167741935483875,3.094193548387096,11.534193548387098,10.720322580645162,10.443548387096772,0.9790967741935483,27.070967741935487,43.65806451612903
2018-06-01,8.059666666666667,5.3646666666666665,15.066666666666666,12.986666666666668,11.427333333333335,2.6372999999999998,61.76666666666667,84.53666666666665
2018-07-01,10.072666666666665,9.016774193548386,23.345161290322583,17.506451612903223,13.319354838709678,6.176451612903228,78.91290322580646,98.1967741935484
2018-08-01,9.040000000000004,5.956774193548386,17.745161290322578,13.954838709677416,11.329032258064515,2.703666666666666,39.722580645161294,55.43870967741937
2018-09-01,15.612,17.004032183732633,34.76333333333333,28.583333333333336,18.12,10.986666666666666,78.69333333333334,97.03333333333332
2018-10-01,26.003225806451617,21.33225806451613,51.03333333333332,43.28064516129032,24.88064516129032,9.86,99.16451612903226,122.82580645161288
2018-11-01,38.29666666666667,21.56,83.33666666666666,62.73666666666668,30.183333333333337,4.951,96.28333333333336,131.80333333333334
2018-12-01,27.106451612903232,13.761290322580646,44.3516129032258,51.57096774193548,23.606721233402443,2.103225806451613,111.52258064516128,69.33548387096775
2019-01-01,19.032258064516128,7.714193548387097,26.71935483870968,27.21574844216309,17.880597883483855,0.7703548387096774,57.28823221638144,11.139354838709677
2019-02-01,14.485714285714286,4.990357142857143,22.317857142857143,13.196428571428577,10.696787129924264,0.3450357142857143,4.138928571428571,3.810357142857143
2019-03-01,9.369032258064518,3.2548387096774185,14.332258064516129,12.974193548387088,11.932094478572692,0.2924193548387097,7.810967741935484,7.437419354838711
2019-04-01,8.009333333333334,2.8606666666666665,10.749,12.810000000000004,16.916666666666664,0.4397,15.966666666666669,16.63571428571429
2019-05-01,6.376451612903226,2.889032258064516,9.56032258064516,12.709677419354836,12.968849168849536,0.8998064516129032,27.58387096774193,32.99999999999999
2019-06-01,7.807999999999999,4.812,13.15,12.57333333333333,17.05475325161661,2.802,40.92666666666666,52.04333333333333
2019-07-01,7.499666666666664,5.602258064516128,14.5,12.303225806451618,22.005011520737327,2.878333333333333,43.016129032258064,46.754838709677415
2019-08-01,7.766666666666667,6.126129032258064,16.358064516129033,11.948387096774196,10.668613708638889,2.738709677419355,34.893548387096786,43.8290322580645
2019-09-01,8.630666666666665,7.345333333333333,19.436666666666667,11.779999999999996,9.252333333333333,2.4530000000000003,26.856666666666666,29.589999999999996
2019-10-01,10.825806451612902,8.673000000000002,23.525806451612905,12.212903225806446,12.08774193548387,2.310322580645161,19.096774193548395,16.078709677419358
2019-11-01,13.658333333333331,22.116666666666664,26.393333333333327,28.216666666666665,14.853333333333332,1.3562,17.139000000000003,21.82833333333333
2019-12-01,46.08286985539489,5.509677419354837,17.219354838709677,12.833901981345925,8.391290322580646,0.4698387096774193,2.3577741935483867,3.0874193548387106
2020-01-01,9.891290322580648,3.7077419354838703,14.85483870967742,11.289428618951028,7.231935483870973,0.1006774193548386,57.464227416602306,1.5587096774193552
2020-02-01,7.283103448275863,2.5317241379310347,10.128275862068966,8.955863203491875,8.15896551724138,0.0605862068965517,0.0,1.691034482758621
2020-03-01,5.517741935483872,2.3193548387096774,8.319032258064516,8.113333333333333,7.263225806451614,0.0678064516129032,1.375190476190476,3.279677419354839
